title,links
Thời sự,https://vnexpress.net/thoi-su
Góc nhìn,https://vnexpress.net/goc-nhin
Thế giới,https://vnexpress.net/the-gioi
Podcasts,https://vnexpress.net/podcast
Kinh doanh,https://vnexpress.net/kinh-doanh
Bất động sản,https://vnexpress.net/bat-dong-san
Khoa học,https://vnexpress.net/khoa-hoc
Giải trí,https://vnexpress.net/giai-tri
Thể thao,https://vnexpress.net/the-thao
Pháp luật,https://vnexpress.net/phap-luat
Giáo dục,https://vnexpress.net/giao-duc
Sức khỏe,https://vnexpress.net/suc-khoe
Đời sống,https://vnexpress.net/doi-song
Du lịch,https://vnexpress.net/du-lich
Số hóa,https://vnexpress.net/so-hoa
Xe,https://vnexpress.net/oto-xe-may
Ý kiến,https://vnexpress.net/y-kien
Tâm sự,https://vnexpress.net/tam-su
Thư giãn,https://vnexpress.net/thu-gian
